fatoOuFake, tituloNoticia, link
0,É #FAKE que exista áudio com cúpula do PT, Ciro, Boulos e Bonner com estratégia para tomada de poder,https://g1.globo.com/fato-ou-fake/noticia/2018/10/19/e-fake-que-exista-audio-com-cupula-do-pt-ciro-boulos-e-bonner-com-estrategia-para-tomada-de-poder.ghtml
0,É #FAKE que Haddad tem post no Twitter com elogio a Maduro e à Venezuela,https://g1.globo.com/fato-ou-fake/noticia/2018/10/19/e-fake-que-haddad-tem-post-no-twitter-com-elogio-a-maduro-e-a-venezuela.ghtml
0,É #FAKE que Datafolha e Ibope só entrevistaram eleitores do Sul e Sudeste em pesquisa de intenção de voto para presidente,https://g1.globo.com/fato-ou-fake/noticia/2018/10/19/e-fake-que-datafolha-e-ibope-so-entrevistaram-eleitores-do-sul-e-sudeste-em-pesquisa-de-intencao-de-voto-para-presidente.ghtml
0,É #FAKE que Anitta disse que se mudaria para a Espanha se Bolsonaro ganhar a eleição,https://g1.globo.com/fato-ou-fake/noticia/2018/10/19/e-fake-que-anitta-disse-que-se-mudaria-para-a-espanha-se-bolsonaro-ganhar-a-eleicao.ghtml
0,É #FAKE que Haddad criou 'kit gay' para crianças de seis anos,https://g1.globo.com/fato-ou-fake/noticia/2018/10/16/e-fake-que-haddad-criou-kit-gay-para-criancas-de-seis-anos.ghtml
0,É #FAKE que assessora de Haddad abandonou campanha após ouvir que candidato queria escapar de Sérgio Moro,https://g1.globo.com/fato-ou-fake/noticia/2018/10/19/e-fake-que-assessora-de-haddad-abandonou-campanha-apos-ouvir-que-candidato-queria-escapar-de-sergio-moro.ghtml
0,É #FAKE que 15 mil títulos de eleitor clonados foram apreendidos em rodovia,https://g1.globo.com/fato-ou-fake/noticia/2018/10/19/e-fake-que-15-mil-titulos-de-eleitor-clonados-foram-apreendidos-em-rodovia.ghtml
0,É #FAKE que áudio revela Haddad e Manuela tramando contra Exército e Bolsonaro,https://g1.globo.com/fato-ou-fake/noticia/2018/10/18/e-fake-que-audio-revela-haddad-e-manuela-tramando-contra-exercito-e-bolsonaro.ghtml
0,É #FAKE que Jair Bolsonaro foi apontado por fundação como o político mais honesto do mundo,https://g1.globo.com/fato-ou-fake/noticia/2018/10/18/e-fake-que-jair-bolsonaro-foi-apontado-por-fundacao-como-o-politico-mais-honesto-do-mundo.ghtml
0,É #FAKE que mesário pode acionar código 555 e reiniciar urna após voto para governador já ter sido dado,https://g1.globo.com/fato-ou-fake/noticia/2018/10/18/e-fake-que-mesario-pode-acionar-codigo-555-e-reiniciar-urna-apos-voto-para-governador-ja-ter-sido-dado.ghtml
0,É #FAKE que Bolsonaro disse em vídeo que teria se alistado ao exército de Hitler,https://g1.globo.com/fato-ou-fake/noticia/2018/10/18/e-fake-que-bolsonaro-disse-em-video-que-teria-se-alistado-ao-exercito-de-hitler.ghtml
0,É #FAKE que Haddad disse neste 2º turno que crise só acaba com Lula na Presidência,https://g1.globo.com/fato-ou-fake/noticia/2018/10/18/e-fake-que-haddad-disse-neste-2o-turno-que-crise-so-acaba-com-lula-na-presidencia.ghtml
0,É #FAKE áudio atribuído a advogado que diz ter provas de fraude eleitoral a favor de Haddad,https://g1.globo.com/fato-ou-fake/noticia/2018/10/17/e-fake-audio-atribuido-a-advogado-que-diz-ter-provas-de-fraude-eleitoral-a-favor-de-haddad.ghtml
0,É #FAKE mensagem que diz que Bolsonaro simulou ser vítima de facada para disfarçar câncer,https://g1.globo.com/fato-ou-fake/noticia/2018/10/17/e-fake-mensagem-que-diz-que-bolsonaro-simulou-ser-vitima-de-facada-para-disfarcar-cancer.ghtml
0,É #FAKE que livro escrito por Haddad incentive o incesto e cite dez mandamentos do comunismo,https://g1.globo.com/fato-ou-fake/noticia/2018/10/16/e-fake-que-livro-escrito-por-haddad-incentive-o-incesto-e-cite-dez-mandatos-do-comunismo.ghtml
0,É #FAKE que Bolsonaro sugeriu troca da imagem de Nossa Senhora Aparecida e que assinou projeto de lei para retirada do título de padroeira do Brasil,https://g1.globo.com/fato-ou-fake/noticia/2018/10/16/e-fake-que-bolsonaro-sugeriu-troca-da-imagem-de-nossa-senhora-aparecida-e-que-assinou-projeto-de-lei-para-retirada-do-titulo-de-padroeira-do-brasil.ghtml
0,É #FAKE que prints revelam futuras equipes ministeriais de Haddad e Bolsonaro,https://g1.globo.com/fato-ou-fake/noticia/2018/10/15/e-fake-que-prints-revelam-futuras-equipes-ministeriais-de-haddad-e-bolsonaro.ghtml
0,É #FAKE que imagens revelam índices reais de pesquisas para a Presidência no 2º turno,https://g1.globo.com/fato-ou-fake/noticia/2018/10/15/e-fake-que-imagens-revelam-indices-reais-de-pesquisas-para-a-presidencia-no-2o-turno.ghtml
0,É #FAKE a postagem que diz que Haddad chegou ao aeroporto de Congonhas em uma Ferrari,https://g1.globo.com/fato-ou-fake/noticia/2018/10/14/e-fake-a-postagem-que-diz-que-haddad-chegou-ao-aeroporto-de-congonhas-em-uma-ferrari.ghtml
0,É #FAKE e-mail que diz que Fernando Haddad foi filmado recebendo propina,https://g1.globo.com/fato-ou-fake/noticia/2018/10/14/e-fake-e-mail-que-diz-que-fernando-haddad-foi-filmado-recebendo-propina.ghtml
0,É #FAKE cartaz atribuído a Haddad que diz que projeto de lei torna a pedofilia um ato legal,https://g1.globo.com/fato-ou-fake/noticia/2018/10/13/e-fake-cartaz-atribuido-a-haddad-que-diz-que-projeto-de-lei-torna-a-pedofilia-um-ato-legal.ghtml
0,É #FAKE que novas placas do Mercosul vão criar 'livre fronteira' para entrada de drogas,https://g1.globo.com/fato-ou-fake/noticia/2018/10/11/e-fake-que-novas-placas-do-mercosul-vao-criar-livre-fronteira-para-entrada-de-drogas.ghtml
0,É #FAKE que plano de governo de Haddad prevê criação de poupança compulsória,https://g1.globo.com/fato-ou-fake/noticia/2018/10/11/e-fake-que-plano-de-governo-de-haddad-preve-criacao-de-poupanca-compulsoria.ghtml
0,É #FAKE áudio que fala em plano-bomba de Bolsonaro discutido na FGV,https://g1.globo.com/fato-ou-fake/noticia/2018/10/11/e-fake-audio-que-fala-em-plano-bomba-de-bolsonaro-discutido-na-fgv.ghtml
0,É #FAKE que 7,2 milhões de votos foram anulados pelas urnas no último domingo,https://g1.globo.com/fato-ou-fake/noticia/2018/10/10/e-fake-que-72-milhoes-de-votos-foram-anulados-pelas-urnas-no-ultimo-domingo.ghtml
0,É #FAKE que propaganda em que homem prega contra a intolerância em ônibus seja da campanha de Bolsonaro,https://g1.globo.com/fato-ou-fake/noticia/2018/10/10/e-fake-que-propaganda-em-que-homem-prega-contra-a-intolerancia-em-onibus-seja-da-campanha-de-bolsonaro.ghtml
0,É #FAKE que Datafolha faz pesquisa online sobre o 2º turno das eleições,https://g1.globo.com/fato-ou-fake/noticia/2018/10/09/e-fake-que-datafolha-faz-pesquisa-online-sobre-o-2o-turno-das-eleicoes.ghtml
0,É #FAKE mensagem que circula sobre a jornalista Miriam Leitão,https://g1.globo.com/fato-ou-fake/noticia/2018/10/09/e-fake-mensagem-que-circula-sobre-a-jornalista-miriam-leitao.ghtml
0,É #FAKE que Lula, em vídeo, relaciona o PT ao fascismo e ao nazismo, menos à democracia,https://g1.globo.com/fato-ou-fake/noticia/2018/10/09/e-fake-que-lula-em-video-relaciona-o-pt-ao-fascismo-e-ao-nazismo-menos-a-democracia.ghtml
0,É #FAKE que Exército disse que, se for verificada fraude nas urnas, eleição será anulada e novo pleito com papel convocado,https://g1.globo.com/fato-ou-fake/noticia/2018/10/09/e-fake-que-exercito-disse-que-se-for-verificada-fraude-nas-urnas-eleicao-sera-anulada-e-novo-pleito-com-papel-convocado.ghtml
0,É #FAKE que filho de Bolsonaro fez vídeo criticando nordestinos,https://g1.globo.com/fato-ou-fake/noticia/2018/10/09/e-fake-que-filho-de-bolsonaro-fez-video-criticando-nordestinos.ghtml
0,É #FAKE que Manuela D'Ávila disse que quer acabar com todos os feriados cristãos,https://g1.globo.com/fato-ou-fake/noticia/2018/10/09/e-fake-que-manuela-davila-disse-que-quer-acabar-com-todos-os-feriados-cristaos.ghtml
0,É #FAKE post atribuído a Fernando Gabeira em que ele diz que Bolsonaro 0,É 'limitado, mas 0,É patriota',https://g1.globo.com/fato-ou-fake/noticia/2018/10/09/e-fake-post-atribuido-a-fernando-gabeira-em-que-ele-diz-que-bolsonaro-e-limitado-mas-e-patriota.ghtml
0,É #FAKE que Haddad disse logo após o 1º turno que vai fazer Lula ser presidente do Brasil,https://g1.globo.com/fato-ou-fake/noticia/2018/10/09/e-fake-que-haddad-disse-apos-1o-turno-que-vai-fazer-lula-ser-presidente-do-brasil.ghtml
0,É #FAKE imagem de extrato de urna em que votos para Haddad superam número de eleitores aptos,https://g1.globo.com/fato-ou-fake/noticia/2018/10/08/e-fake-imagem-de-extrato-de-urna-em-que-votos-para-haddad-superam-numero-de-eleitores-aptos.ghtml
1,É #FATO que deputados eleitos pelo PSL quebraram placa com nome de Marielle Franco em comício de Wilson Witzel,https://g1.globo.com/fato-ou-fake/noticia/2018/10/08/e-fato-que-deputados-eleitos-pelo-psl-quebraram-placa-com-nome-de-marielle-franco-em-comicio-de-wilson-witzel.ghtml
0,É #FAKE áudio atribuído a Pedro Bial em que ele critica um possível governo de Haddad,https://g1.globo.com/fato-ou-fake/noticia/2018/10/08/e-fake-audio-atribuido-a-pedro-bial-em-que-ele-critica-um-possivel-governo-de-haddad.ghtml
0,É #FAKE que Jean Wyllys não foi reeleito deputado federal no RJ,https://g1.globo.com/fato-ou-fake/noticia/2018/10/08/e-fake-que-jean-wyllys-nao-foi-reeleito-deputado-federal-no-rj.ghtml
0,É #FAKE que Trump fez post no Twitter em favor de Jair Bolsonaro,https://g1.globo.com/fato-ou-fake/noticia/2018/10/07/e-fake-que-trump-fez-post-no-twitter-em-favor-de-jair-bolsonaro.ghtml
0,É #FAKE vídeo em que eleitor seleciona a tecla "1" e aparece automaticamente o candidato Fernando Haddad na urna,https://g1.globo.com/fato-ou-fake/noticia/2018/10/07/e-fake-video-em-que-eleitor-seleciona-a-tecla-1-e-aparece-automaticamente-o-candidato-fernando-haddad-na-urna.ghtml
0,É #FAKE que João Amoêdo desistiu de candidatura à Presidência e recomenda voto em Bolsonaro,https://g1.globo.com/fato-ou-fake/noticia/2018/10/06/e-fake-que-joao-amoedo-desistiu-de-candidatura-a-presidencia-e-recomenda-voto-em-bolsonaro.ghtml
0,É #FAKE que Google fez pesquisa eleitoral e que irá deixar de operar no Brasil se resultado não bater com o apurado,https://g1.globo.com/fato-ou-fake/noticia/2018/10/07/e-fake-que-google-fez-pesquisa-eleitoral-e-que-ira-deixar-de-operar-no-brasil-se-resultado-nao-bater-com-o-apurado.ghtml
0,É #FAKE mensagem atribuída a Eduardo Bolsonaro que orienta eleitores a não votar com a camiseta de Jair Bolsonaro,https://g1.globo.com/fato-ou-fake/noticia/2018/10/07/e-fake-mensagem-atribuida-a-eduardo-bolsonaro-que-orienta-eleitores-a-nao-votar-com-a-camiseta-de-jair-bolsonaro.ghtml
0,É #FAKE que candidato a vice de Bolsonaro propôs confisco da poupança,https://g1.globo.com/fato-ou-fake/noticia/2018/10/06/e-fake-que-candidato-a-vice-de-bolsonaro-propos-confisco-da-poupanca.ghtml
0,É #FAKE que PF apreendeu van com urnas eletrônicas alteradas com votos para Haddad,https://g1.globo.com/fato-ou-fake/noticia/2018/10/05/e-fake-que-pf-apreendeu-van-com-urnas-eletronicas-alteradas-com-votos-para-haddad.ghtml
0,É #FAKE post com Manuela D'Ávila dizendo que 0,É mais popular que Jesus e que o cristianismo vai desaparecer,https://g1.globo.com/fato-ou-fake/noticia/2018/10/05/e-fake-post-com-manuela-davila-dizendo-que-e-mais-popular-que-jesus-e-que-o-cristianismo-vai-desaparecer.ghtml
0,É #FAKE imagem que mostra diálogo entre Sérgio Machado e Renan Calheiros com menção a Bolsonaro,https://g1.globo.com/fato-ou-fake/noticia/2018/10/05/e-fake-imagem-que-mostra-dialogo-entre-sergio-machado-e-renan-calheiros-com-mencao-a-bolsonaro.ghtml
0,É #FAKE que empresas prometem demitir 1 milhão se esquerda vencer eleição,https://g1.globo.com/fato-ou-fake/noticia/2018/10/05/e-fake-que-empresas-prometem-demitir-1-milhao-se-esquerda-vencer-eleicao.ghtml
0,É #FAKE imagem que mostra Flávio Bolsonaro com camiseta com ofensas a nordestinos,https://g1.globo.com/fato-ou-fake/noticia/2018/10/05/e-fake-imagem-que-mostra-flavio-bolsonaro-com-camiseta-com-ofensas-a-nordestinos.ghtml
0,É #FAKE que empresas prometem demitir 1 milhão se esquerda vencer eleição,https://g1.globo.com/fato-ou-fake/noticia/2018/10/05/e-fake-que-empresas-prometem-demitir-1-milhao-se-esquerda-vencer-eleicao.ghtml
0,É #FAKE mensagem que diz que mesário pode falsificar assinatura de eleitores de Bolsonaro e, assim, anular o voto,https://g1.globo.com/fato-ou-fake/noticia/2018/10/03/e-fake-mensagem-que-diz-que-mesario-pode-falsificar-assinatura-de-eleitores-de-bolsonaro-e-assim-anular-o-voto.ghtml
0,É #FAKE postagem que diz que empresário não pagará mais salário mínimo se Bolsonaro for eleito,https://g1.globo.com/fato-ou-fake/noticia/2018/10/03/e-fake-postagem-que-diz-que-empresario-nao-pagara-mais-salario-minimo-se-bolsonaro-for-eleito.ghtml
0,É #FAKE mensagem que diz que eleitor pode votar mesmo se não tiver feito biometria obrigatória,https://g1.globo.com/fato-ou-fake/noticia/2018/10/02/e-fake-mensagem-que-diz-que-eleitor-pode-votar-mesmo-se-nao-tiver-feito-biometria-obrigatoria.ghtml
0,É #FAKE que Haddad disse que criança vira propriedade do Estado aos 5 anos e pode ter seu gênero escolhido,https://g1.globo.com/fato-ou-fake/noticia/2018/10/02/e-fake-que-haddad-disse-que-crianca-vira-propriedade-do-estado-aos-5-anos-e-pode-ter-seu-genero-escolhido.ghtml
0,É #FAKE que Chico Xavier previu a chegada do candidato Jair Bolsonaro à Presidência,https://g1.globo.com/fato-ou-fake/noticia/2018/10/02/e-fake-que-chico-xavier-previu-a-chegada-do-candidato-jair-bolsonaro-a-presidencia.ghtml
0,É #FAKE imagem em que Manuela D'Ávila aparece com camiseta 'Jesus 0,É travesti',https://g1.globo.com/fato-ou-fake/noticia/2018/10/02/e-fake-imagem-em-que-manuela-davila-aparece-com-camiseta-jesus-e-travesti.ghtml
0,É #FAKE que Jean Wyllys declarou que pretende criar lei para obrigar casamento gay em igrejas,https://g1.globo.com/fato-ou-fake/noticia/2018/10/02/e-fake-que-jean-wyllys-declarou-que-pretende-criar-lei-para-obrigar-casamento-gay-em-igrejas.ghtml
0,É #FAKE comunicado que convoca eleitores do PT a votar apenas no dia 8 de outubro,https://g1.globo.com/fato-ou-fake/noticia/2018/10/02/e-fake-comunicado-que-convoca-eleitores-do-pt-a-votar-apenas-no-dia-8-de-outubro.ghtml
0,É #FAKE que Universidade do Sul da Califórnia fez pesquisa apontando que não há previsão de 2º turno na eleição presidencial,https://g1.globo.com/fato-ou-fake/noticia/2018/10/02/e-fake-que-universidade-do-sul-da-california-fez-pesquisa-apontando-que-nao-ha-previsao-de-2o-turno-na-eleicao-presidencial.ghtml
0,É #FAKE imagem que mostra manchete sobre pesquisa Ibope para presidente,https://g1.globo.com/fato-ou-fake/noticia/2018/10/01/e-fake-imagem-que-mostra-manchete-sobre-pesquisa-ibope-para-presidente.ghtml
0,É #FAKE que voto 0,É anulado se eleitor escolher apenas presidente e votar em branco para os outros cargos,https://g1.globo.com/fato-ou-fake/noticia/2018/10/01/e-fake-que-voto-e-anulado-se-eleitor-escolher-apenas-presidente-e-votar-em-branco-para-os-outros-cargos.ghtml
0,É #FAKE mensagem que cita a Globo e diz que manifestação pró-Bolsonaro 0,É a maior da história,https://g1.globo.com/fato-ou-fake/noticia/2018/10/01/e-fake-mensagem-que-diz-que-manifestacao-pro-bolsonaro-e-a-maior-da-historia.ghtml
0,É #FAKE que imagem de ato contra Bolsonaro no Largo da Batata 0,É do carnaval de 2017,https://g1.globo.com/fato-ou-fake/noticia/2018/10/01/e-fake-que-imagem-de-ato-contra-bolsonaro-no-largo-da-batata-e-do-carnaval-de-2017.ghtml
0,É #FAKE versão de que imagem de protesto no Rio mostra prédio que desabou,https://g1.globo.com/fato-ou-fake/noticia/2018/09/30/e-fake-mensagem-que-diz-que-protesto-nao-aconteceu-no-rio-porque-mostra-predio-desabado.ghtml
0,É #FAKE print de post que diz que TJ-SP expediu mandado de prisão de ex-prefeito de Araras,https://g1.globo.com/fato-ou-fake/noticia/2018/09/29/e-fake-print-de-post-que-diz-que-tj-sp-expediu-mandado-de-prisao-de-ex-prefeito-de-araras.ghtml
0,É #FAKE documento atribuído ao Exército que exige perícia nas urnas eletrônicas antes e depois das eleições,https://g1.globo.com/fato-ou-fake/noticia/2018/09/29/e-fake-documento-atribuido-ao-exercito-que-exige-pericia-nas-urnas-eletronicas-antes-e-depois-das-eleicoes.ghtml
0,É #FAKE que Marcelo Adnet gravou áudio de Bolsonaro gritando em hospital,https://g1.globo.com/fato-ou-fake/noticia/2018/09/28/e-fake-que-marcelo-adnet-gravou-audio-de-bolsonaro-gritando-em-hospital.ghtml
0,É #FAKE que vídeo mostra multidão em frente a hospital onde está Bolsonaro,https://g1.globo.com/fato-ou-fake/noticia/2018/09/28/e-fake-que-video-mostra-multidao-em-frente-a-hospital-onde-esta-bolsonaro.ghtml
0,É #FAKE que vice do presidenciável João Amoêdo pede votos para Bolsonaro em vídeo,https://g1.globo.com/fato-ou-fake/noticia/2018/09/27/e-fake-que-vice-do-presidenciavel-joao-amoedo-pede-votos-a-bolsonaro-em-video.ghtml
0,É #FAKE que revistas publicaram capas com declarações de diretor da OEA sobre fraudes nas urnas,https://g1.globo.com/fato-ou-fake/noticia/2018/09/27/e-fake-que-revistas-publicaram-capas-com-declaracoes-de-diretor-da-oea-sobre-fraudes-nas-urnas.ghtml
0,É #FAKE que deputado Paulo Ramos ofereceu dinheiro para professoras fazerem campanha contra Bolsonaro em vídeo,https://g1.globo.com/fato-ou-fake/noticia/2018/09/26/e-fake-que-deputado-paulo-ramos-ofereceu-dinheiro-para-professoras-fazerem-campanha-contra-bolsonaro-em-video.ghtml
0,É #FAKE que maioria dos votos nulos anula eleição e impõe novo pleito com outros candidatos,https://g1.globo.com/fato-ou-fake/noticia/2018/09/26/e-fake-que-maioria-dos-votos-nulos-anula-eleicao-e-impoe-novo-pleito-com-outros-candidatos.ghtml
0,É #FAKE que Sandy declarou apoio a Bolsonaro em show em Curitiba,https://g1.globo.com/fato-ou-fake/noticia/2018/09/25/e-fake-que-sandy-declarou-apoio-a-bolsonaro-em-show-em-curitiba.ghtml
0,É #FAKE que ilustração de ato sexual foi usada em cartilha do MEC para crianças,https://g1.globo.com/fato-ou-fake/noticia/2018/09/25/e-fake-que-ilustracao-de-ato-sexual-foi-usada-em-cartilha-do-mec-para-criancas.ghtml
0,É #FAKE vídeo em que Lula pede votos para Bolsonaro,https://g1.globo.com/fato-ou-fake/noticia/2018/09/24/e-fake-video-em-que-lula-pede-votos-para-bolsonaro.ghtml
0,É #FAKE print de texto que diz que Jean Wyllys foi convidado por Haddad para ser ministro da Educação em eventual governo,https://g1.globo.com/fato-ou-fake/noticia/2018/09/21/e-fake-print-de-texto-que-diz-que-jean-wyllys-foi-convidado-por-haddad-para-ser-ministro-da-educacao-em-eventual-governo.ghtml
0,É #FAKE capa da revista Veja sobre escândalo das pesquisas eleitorais compradas,https://g1.globo.com/fato-ou-fake/noticia/2018/09/21/e-fake-capa-da-revista-veja-sobre-escandalo-das-pesquisas-eleitorais-compradas.ghtml
0,É #FAKE áudio que mostra Bolsonaro gritando em hospital,https://g1.globo.com/fato-ou-fake/noticia/2018/09/20/e-fake-audio-que-mostra-bolsonaro-gritando-em-hospital.ghtml
0,É #FAKE que áudio com reflexões políticas que circula na web foi gravado pelo padre Marcelo Rossi,https://g1.globo.com/fato-ou-fake/noticia/2018/09/14/e-fake-que-audio-com-reflexoes-politicas-que-circula-na-web-foi-gravado-pelo-padre-marcelo-rossi.ghtml
0,É #FAKE que livro citado por Bolsonaro no JN 0,É o que aparece com carimbo de escola de Maceió,https://g1.globo.com/fato-ou-fake/noticia/2018/09/04/e-fake-que-livro-citado-por-bolsonaro-no-jn-e-o-que-aparece-com-carimbo-de-escola-de-maceio.ghtml
0,É #FAKE frase atribuída a Dilma sobre greve de fome,https://g1.globo.com/fato-ou-fake/noticia/2018/08/28/e-fake-frase-atribuida-a-dilma-sobre-greve-de-fome.ghtml
0,É #FAKE que venezuelanos estão recebendo título de eleitor para votar em outubro,https://g1.globo.com/fato-ou-fake/noticia/2018/08/28/e-fake-que-venezuelanos-estao-recebendo-titulo-de-eleitor-para-votar-em-outubro.ghtml
0,#Verificamos: É falso que ‘voto em papel está disponível em todas seções eleitorais’,https://piaui.folha.uol.com.br/lupa/2018/10/11/verificamos-voto-papel-todas-secoes/
0,#Verificamos: Márcio França não ‘declarou voto em Haddad’,https://piaui.folha.uol.com.br/lupa/2018/10/12/verificamos-marcio-franca-haddad/
0,#Verificamos: Bolsonaro não disse que ‘paciente com câncer custa caro para o Estado’ e que vai ‘cortar essa farra’,https://piaui.folha.uol.com.br/lupa/2018/10/09/bolsonaro-cancer-farra/
0,#Verificamos: Delação de Palocci não cita manipulação em urnas eletrônicas,https://piaui.folha.uol.com.br/lupa/2018/10/07/verificamos-palocci-urnas/
0,#Verificamos: programa de governo de Ciro Gomes não prevê exportação de carne de jumento,https://piaui.folha.uol.com.br/lupa/2018/10/06/verificamos-ciro-exportacao-jumento/
0,#Verificamos: imagem de pesquisa que mostra vitória de Bolsonaro no 1º turno foi manipulada,https://piaui.folha.uol.com.br/lupa/2018/10/06/verificamos-pesquisa-vitoria-bolsonaro/
0,#Verificamos: Datena fez vídeo de apoio a Alckmin, e não a Bolsonaro,https://piaui.folha.uol.com.br/lupa/2018/10/03/verificamos-datena-bolsonaro/
0,#Verificamos: Filho de Bolsonaro não disse que assassinato de um filho gay é ‘questão familiar’,https://piaui.folha.uol.com.br/lupa/2018/10/02/verificamos-bolsonaro-filho/
0,#Verificamos: Foi montada foto que mostra quatro atrizes defendendo Lei Rouanet em manifestação,https://piaui.folha.uol.com.br/lupa/2018/09/30/verificamos-foto-atrizes-lei-rouanet-manifestacao/
0,#Verificamos: Vetada pelo TSE, declaração falsa atribuída a Haddad segue ‘viva’ nas redes sociais,https://piaui.folha.uol.com.br/lupa/2018/09/27/verificamos-haddad-criancas/
0,#Verificamos: É antiga e foi adulterada imagem usada para acusar petistas de agredir defensores de Bolsonaro,https://piaui.folha.uol.com.br/lupa/2018/09/25/verificamos-imagem-petistas-agressao-bolsonaro/
0,É #FAKE que Operação Greenfield investiga dinheiro da campanha de Bolsonaro,https://noticias.uol.com.br/comprova/ultimas-noticias/2018/10/18/operacao-greenfield-nao-investiga-dinheiro-da-campanha-de-bolsonaro.htm?cmpid=copiaecola
0, #FAKE Ursal existe e, portanto, armou esquema para manipular urnas,https://noticias.uol.com.br/comprova/ultimas-noticias/2018/10/18/ursal-nao-existe-e-portanto-nao-armou-esquema-para-manipular-urnas.htm?cmpid=copiaecola
0, #FAKE Fernando Haddad defenda o incesto,https://noticias.uol.com.br/comprova/ultimas-noticias/2018/10/18/nao-e-verdade-que-haddad-defenda-o-incesto-em-livro-publicado-em-1998.htm?cmpid=copiaecola
0, #FAKE Pesquisa que mostra Haddad na liderança da disputa presidencial,https://noticias.uol.com.br/comprova/ultimas-noticias/2018/10/17/pesquisa-que-mostra-haddad-na-lideranca-da-disputa-presidencial-e-falsa.htm?cmpid=copiaecola
0, Eleitores que filmaram voto em Bolsonaro anulado estavam errando o cargo,https://noticias.uol.com.br/comprova/ultimas-noticias/2018/10/09/eleitores-que-filmaram-voto-em-bolsonaro-anulado-estavam-errando-o-cargo.htm?cmpid=copiaecola

0,É #FAKE vídeo em que eleitor denuncia fraude nas urnas ao votar neste 2° turno,https://g1.globo.com/fato-ou-fake/noticia/2018/10/28/e-fake-video-em-que-eleitor-denuncia-fraude-nas-urnas-ao-votar-neste-2-turno.ghtml
0,É #FAKE capa da Veja em que Joaquim Barbosa pede para eleitores não votarem no PT,https://g1.globo.com/fato-ou-fake/noticia/2018/10/28/e-fake-capa-da-veja-em-que-joaquim-barbosa-pede-para-eleitores-nao-votarem-no-pt.ghtml
0,É #FAKE mensagem com resultado de pesquisa para presidente da BTG Pactual,https://g1.globo.com/fato-ou-fake/noticia/2018/10/28/e-fake-mensagem-com-resultado-de-pesquisa-para-presidente-da-btg-pactual.ghtml
0,É #FAKE que PT confirmou apoio a Eduardo Paes no segundo turno,https://g1.globo.com/fato-ou-fake/noticia/2018/10/28/e-fake-que-pt-confirmou-apoio-a-eduardo-paes-no-segundo-turno.ghtml
0,É #FAKE que Haddad é acusado de estuprar menina de 11 anos,https://g1.globo.com/fato-ou-fake/noticia/2018/10/28/e-fake-que-haddad-e-acusado-de-estuprar-menina-de-11-anos.ghtml
0,É #FAKE que candidatura de Bolsonaro foi impugnada e 2º turno será entre Ciro e Haddad,https://g1.globo.com/fato-ou-fake/noticia/2018/10/27/e-fake-que-candidatura-de-bolsonaro-foi-impugnada-e-2o-turno-sera-entre-ciro-e-haddad.ghtml
0,É #FAKE que sócios de empresa contratada pelo TSE têm ligação com o PT,https://g1.globo.com/fato-ou-fake/noticia/2018/10/27/e-fake-que-socios-de-empresa-contratada-pelo-tse-tem-ligacao-com-o-pt.ghtml
0,É #FAKE que Haddad usou foto de carnaval para divulgar ato de apoio em Salvador,https://g1.globo.com/fato-ou-fake/noticia/2018/10/27/e-fake-que-haddad-usou-foto-de-carnaval-para-divulgar-ato-de-apoio-em-salvador.ghtml
0,É #FAKE que apresentadora Monalisa Perrone declarou voto em Fernando Haddad,https://g1.globo.com/fato-ou-fake/noticia/2018/10/27/e-fake-que-apresentadora-da-tv-globo-declarou-voto-em-fernando-haddad.ghtml
0,É #FAKE que Instituto Ayrton Senna autorizou uso de música tema da vitória e que ela foi usada na última propaganda de Bolsonaro,https://g1.globo.com/fato-ou-fake/noticia/2018/10/27/e-fake-que-instituto-ayrton-senna-autorizou-uso-de-musica-tema-da-vitoria-e-que-ela-foi-usada-na-ultima-propaganda-de-bolsonaro.ghtml
0,É #FAKE que Alckmin fez aceno público, com adesivo do PSB, a Márcio França,https://g1.globo.com/fato-ou-fake/noticia/2018/10/27/e-fake-que-alckmin-fez-aceno-publico-com-adesivo-do-psb-a-marcio-franca.ghtml
0,É #FAKE capa da Veja em que Bolsonaro diz que acabará com tudo que o PT fez,https://g1.globo.com/fato-ou-fake/noticia/2018/10/27/e-fake-capa-da-veja-em-que-bolsonaro-diz-que-acabara-com-tudo-o-que-pt-fez.ghtml
0,É #FAKE que FHC declarou voto em Fernando Haddad neste 2° turno,https://g1.globo.com/fato-ou-fake/noticia/2018/10/27/e-fake-que-fhc-declarou-voto-em-fernando-haddad.ghtml
0,É #FAKE que mulher ao lado de Haddad em foto é jornalista Patrícia Campos Mello, da Folha,https://g1.globo.com/fato-ou-fake/noticia/2018/10/27/e-fake-que-mulher-ao-lado-de-haddad-em-foto-e-jornalista-patricia-campos-mello-da-folha.ghtml
0,É #FAKE que polícia apreendeu carro-bomba que ia ser usado em atentado a Bolsonaro,https://g1.globo.com/fato-ou-fake/noticia/2018/10/27/e-fake-que-policia-apreendeu-carro-bomba-que-ia-ser-usado-em-atentado-a-bolsonaro.ghtml
0,É #FAKE post atribuído a Bolsonaro em que propõe anexar o estado de Sergipe à Bahia,https://g1.globo.com/fato-ou-fake/noticia/2018/10/27/e-fake-post-atribuido-a-bolsonaro-em-que-propoe-anexar-o-estado-de-sergipe-a-bahia.ghtml
0,É #FAKE que Miguel Falabella gravou áudio sobre cenário pós-eleição,https://g1.globo.com/fato-ou-fake/noticia/2018/10/26/e-fake-que-miguel-falabella-gravou-audio-sobre-cenario-pos-eleicao.ghtml
0,É #FAKE áudio que diz que Haddad virou em todas as capitais do país,https://g1.globo.com/fato-ou-fake/noticia/2018/10/26/e-fake-audio-que-diz-que-haddad-virou-em-todas-as-capitais-do-pais.ghtml
0,É #FAKE imagem que mostra pesquisa Datafolha para presidente em capitais do país,https://g1.globo.com/fato-ou-fake/noticia/2018/10/26/e-fake-imagem-que-mostra-pesquisa-datafolha-para-presidente-em-capitais-do-pais.ghtml
0,É #FAKE vídeo em que policiais militares do Ceará se manifestam a favor de Bolsonaro,https://g1.globo.com/fato-ou-fake/noticia/2018/10/26/e-fake-video-em-que-policiais-militares-do-ceara-se-manifestam-a-favor-de-bolsonaro.ghtml
0,É #FAKE que simulação de sexo em teatro seja no Brasil e tenha relação com Haddad,https://g1.globo.com/fato-ou-fake/noticia/2018/10/25/e-fake-que-simulacao-de-sexo-em-teatro-seja-no-brasil-e-tenha-relacao-com-haddad.ghtml
0,É #FAKE que Maria Amélia Teles, presa política durante a ditadura, matou e esquartejou militares,https://g1.globo.com/fato-ou-fake/noticia/2018/10/25/e-fake-que-maria-amelia-teles-presa-politica-durante-a-ditadura-matou-e-esquartejou-militares.ghtml
0,É #FAKE que pesquisa do Datafolha computou votos de Bolsonaro para Haddad,https://g1.globo.com/fato-ou-fake/noticia/2018/10/25/e-fake-que-pesquisa-do-datafolha-computou-votos-de-bolsonaro-para-haddad.ghtml
0,É #FAKE que Sarney, Temer e Dilma tramaram conspiração para Bolsonaro não virar presidente caso vença eleição,https://g1.globo.com/fato-ou-fake/noticia/2018/10/25/e-fake-que-sarney-temer-e-dilma-tramaram-conspiracao-para-bolsonaro-nao-virar-presidente-caso-venca-eleicao.ghtml
0,É #FAKE que diretor Jayme Monjardim fez vídeo criticando peça da campanha de Haddad,https://g1.globo.com/fato-ou-fake/noticia/2018/10/25/e-fake-que-diretor-jayme-monjardim-fez-video-criticando-peca-da-campanha-de-haddad.ghtml
0,É #FAKE que advogado de manifesto em apoio a Haddad defende homem que esfaqueou Bolsonaro,https://g1.globo.com/fato-ou-fake/noticia/2018/10/25/e-fake-que-advogado-de-manifesto-em-apoio-a-haddad-defende-homem-que-esfaqueou-bolsonaro.ghtml
0,É #FAKE que Haddad cancelou aula na USP para comemorar queda das Torres Gêmeas,https://g1.globo.com/fato-ou-fake/noticia/2018/10/24/e-fake-que-haddad-cancelou-aula-na-usp-para-comemorar-queda-das-torres-gemeas.ghtml
0,É #FAKE que foi comprovada fraude em urnas recolhidas no Paraná,https://g1.globo.com/fato-ou-fake/noticia/2018/10/24/e-fake-que-foi-comprovada-fraude-em-urnas-recolhidas-no-parana.ghtml
0,É #FAKE que urnas estão programadas para horário de verão e não irão computar votos após as 16h no 2º turno,https://g1.globo.com/fato-ou-fake/noticia/2018/10/23/e-fake-que-urnas-estao-programadas-para-horario-de-verao-e-nao-irao-computar-votos-apos-as-16h-no-2o-turno.ghtml
0,É #FAKE que urnas eletrônicas irregulares foram apreendidas em carro particular,https://g1.globo.com/fato-ou-fake/noticia/2018/10/23/e-fake-que-urnas-eletronicas-irregulares-foram-apreendidas-em-carro-particular.ghtml
0,É #FAKE áudio atribuído a funcionário da Globo com orientações contra Bolsonaro,https://g1.globo.com/fato-ou-fake/noticia/2018/10/22/e-fake-audio-atribuido-a-funcionario-da-globo-com-orientacoes-contra-bolsonaro.ghtml
0,É #FAKE que Lula foi autorizado a dar entrevista um dia antes do 2º turno,https://g1.globo.com/fato-ou-fake/noticia/2018/10/22/e-fake-que-lula-foi-autorizado-a-dar-entrevista-um-dia-antes-do-2o-turno.ghtml
0,É #FAKE que loja de empresário apoiador de Bolsonaro foi incendiada,https://g1.globo.com/fato-ou-fake/noticia/2018/10/22/e-fake-que-loja-de-empresario-apoiador-de-bolsonaro-foi-incendiada.ghtml
0,É #FAKE que TSE e Ministério da Segurança decretaram censura sobre informações de crimes eleitorais no 2º turno,https://g1.globo.com/fato-ou-fake/noticia/2018/10/22/e-fake-que-tse-e-ministerio-da-seguranca-decretaram-censura-sobre-informacoes-de-crimes-eleitorais-no-2o-turno.ghtml
0,É #FAKE que vídeo mostra petistas chamando Haddad de traidor,https://g1.globo.com/fato-ou-fake/noticia/2018/10/22/e-fake-que-video-mostra-petistas-chamando-haddad-de-traidor.ghtml
0,É #FAKE que Aniversário Guanabara foi cancelado no estado do Rio de Janeiro,https://g1.globo.com/fato-ou-fake/noticia/2018/10/21/e-fake-que-aniversario-guanabara-foi-cancelado-no-estado-do-rio-de-janeiro.ghtml
0,É #FAKE que Anitta disse que se mudaria para a Espanha se Bolsonaro ganhar a eleição,https://g1.globo.com/fato-ou-fake/noticia/2018/10/19/e-fake-que-anitta-disse-que-se-mudaria-para-a-espanha-se-bolsonaro-ganhar-a-eleicao.ghtml
0,É #FAKE que Datafolha e Ibope só entrevistaram eleitores do Sul e Sudeste em pesquisa de intenção de voto para presidente,https://g1.globo.com/fato-ou-fake/noticia/2018/10/19/e-fake-que-datafolha-e-ibope-so-entrevistaram-eleitores-do-sul-e-sudeste-em-pesquisa-de-intencao-de-voto-para-presidente.ghtml
0,#Verificamos: Urnas eletrônicas não estão programadas para o horário de verão,https://piaui.folha.uol.com.br/lupa/2018/10/28/verificamos-urnas-horario-de-verao/
0,#Verificamos: Eleitor que denunciou ‘urna falsificada’ ao tentar votar em Bolsonaro errou ordem de votação,https://piaui.folha.uol.com.br/lupa/2018/10/28/verificamos-urna-falsificada-errou-ordem-votacao/
0,#Verificamos: Datafolha não registrou para Haddad voto declarado para Bolsonaro em pesquisa,https://piaui.folha.uol.com.br/lupa/2018/10/27/verificamos-datafolha-haddad-bolsonaro/
0,#Verificamos: É falsa capa da Veja em que Joaquim Barbosa pede para Brasil ‘não votar no PT’,https://piaui.folha.uol.com.br/lupa/2018/10/27/verificamos-veja-barbosa/
0,#Verificamos: Uso do ‘Tema da Vitória’ de Ayrton Senna não foi autorizado para propaganda de Bolsonaro na TV,https://piaui.folha.uol.com.br/lupa/2018/10/27/verificamos-senna-bolsonaro/
0,#Verificamos: Haddad não usou foto de carnaval para divulgar ato de apoio em Salvador,https://piaui.folha.uol.com.br/lupa/2018/10/27/verificamos-haddad-foto-carnaval-salvador/
0,#Verificamos: FHC não declarou apoio a Fernando Haddad no 2º turno,https://piaui.folha.uol.com.br/lupa/2018/10/27/verificamos-fhc-nao-declarou-apoio-fernando-haddad-no-2o-turno/
0,#Verificamos: É falsa capa da Veja em que Bolsonaro diz que acabará com tudo que PT fez,https://piaui.folha.uol.com.br/lupa/2018/10/27/verificamos-capa-veja-bolsonaro/
0,#Verificamos: Foto não mostra jornalista Patrícia Campos Mello abraçada a Haddad,https://piaui.folha.uol.com.br/lupa/2018/10/27/verificamos-patricia-campos-mello-haddad/
0,#Verificamos: Livro de Haddad não defende ‘relação sexual entre pais e filhos’,https://piaui.folha.uol.com.br/lupa/2018/10/27/verificamos-livro-haddad-incesto/
0,#Verificamos: TSE não trocou empresa responsável pela ‘divulgação da apuração’,https://piaui.folha.uol.com.br/lupa/2018/10/27/verificamos-tse-empresa-divulgacao/
0,#Verificamos: São falsas ‘notícias’ sobre urnas apreendidas com votos para Haddad no RS e AM,https://piaui.folha.uol.com.br/lupa/2018/10/25/verificamos-urnas-rs-am/
0,#Verificamos: É falso tuíte de outubro de 2014 em que Haddad parabeniza Maduro,https://piaui.folha.uol.com.br/lupa/2018/10/25/verificamos-tuite-haddad-maduro/
0,#Verificamos: É falso que advogado que apoia Haddad defenda agressor de Bolsonaro,https://piaui.folha.uol.com.br/lupa/2018/10/25/verificamos-advogado-haddad-agressor-bolsonaro/
0,#Verificamos: Amelinha Teles não ‘matou e esquartejou militares’,https://piaui.folha.uol.com.br/lupa/2018/10/23/verificamos-amelinha-militares/
0,#Verificamos: General Mourão não foi torturador na ditadura militar,https://piaui.folha.uol.com.br/lupa/2018/10/23/verificamo-haddad-azevedo-mourao/
0,#Verificamos: É falso que Roberto Carlos declarou apoio público a Bolsonaro,https://piaui.folha.uol.com.br/lupa/2018/10/19/verificamos-roberto-carlos/

0,É #FAKE que Chico, Caetano e Gil recebem 'Bolsa Ditadura' e que ex-presidentes recebem aposentadoria pelo cargo,https://g1.globo.com/fato-ou-fake/noticia/2018/11/02/e-fake-que-chico-caetano-e-gil-recebem-bolsa-ditadura-e-que-ex-presidentes-recebem-aposentadoria-pelo-cargo.ghtml
0,É #FAKE que Toyota e Aryzta anunciaram megainvestimentos após Bolsonaro ser eleito,https://g1.globo.com/fato-ou-fake/noticia/2018/11/01/e-fake-que-toyota-e-aryzta-anunciaram-megainvestimentos-apos-bolsonaro-ser-eleito.ghtml
0,É #FAKE que vídeo mostra Haddad bêbado e chorando após vitória de Bolsonaro,https://g1.globo.com/fato-ou-fake/noticia/2018/10/30/e-fake-que-video-mostra-haddad-bebado-e-chorando-apos-vitoria-de-bolsonaro.ghtml
0,É #FAKE que Haddad criou 'kit gay' e que Câmara realizou seminário LGBT infantil,https://g1.globo.com/fato-ou-fake/noticia/2018/10/29/e-fake-que-haddad-criou-kit-gay-e-que-camara-realizou-seminario-lgbt-infantil.ghtml
0,É #FAKE que vídeo em que Malafaia critica Bolsonaro seja do 2º turno das eleições de 2018,https://g1.globo.com/fato-ou-fake/noticia/2018/10/29/e-fake-que-video-em-que-malafaia-critica-bolsonaro-seja-do-2o-turno-das-eleicoes-de-2018.ghtml
0,É #FAKE que o TRE-SP identificou urnas que 'adulteraram os votos digitados',https://g1.globo.com/fato-ou-fake/noticia/2018/10/29/e-fake-que-o-tre-sp-identificou-urnas-que-adulteraram-os-votos-digitados.ghtml
0,É #FAKE foto de Trump com camiseta pró-Bolsonaro,https://g1.globo.com/fato-ou-fake/noticia/2018/10/28/e-fake-foto-de-trump-com-camiseta-pro-bolsonaro.ghtml

0,É #FAKE que Forças Armadas distribuirão alimentos de campanha de arrecadação na posse de Bolsonaro,https://g1.globo.com/fato-ou-fake/noticia/2018/11/02/e-fake-que-forcas-armadas-distribuirao-alimentos-de-campanha-de-arrecadacao-na-posse-de-bolsonaro.ghtml
0,É #FAKE que ministro suíço teve ataque de riso ao falar de Lula e Gleisi Hoffmann,https://g1.globo.com/fato-ou-fake/noticia/2018/11/05/e-fake-que-ministro-suico-teve-ataque-de-riso-ao-falar-de-lula-e-gleisi-hoffmann.ghtml
0,É #FAKE que Cármen Lúcia disse após a eleição que se brasileiro soubesse tudo que ela sabe seria difícil dormir,https://g1.globo.com/fato-ou-fake/noticia/2018/11/07/e-fake-que-carmen-lucia-disse-apos-a-eleicao-que-se-brasileiro-soubesse-tudo-que-ela-sabe-seria-dificil-dormir.ghtml
0,É #FAKE que Lewandowski quer 'sessão secreta' para julgar libertação de Lula,https://g1.globo.com/fato-ou-fake/noticia/2018/11/08/e-fake-que-lewandowski-quer-sessao-secreta-para-julgar-libertacao-de-lula.ghtml
0,É #FAKE que Gleisi Hoffmann enviou ofício ao TSE para impedir doação de Bolsonaro à Santa Casa de Juiz de Fora,https://g1.globo.com/fato-ou-fake/noticia/2018/11/08/e-fake-que-gleisi-hoffmann-quer-impedir-doacao-de-bolsonaro-a-santa-casa-de-juiz-de-fora.ghtml
0,É #FAKE que estátua de Che Guevara foi retirada de cidade após eleição de Bolsonaro,https://g1.globo.com/fato-ou-fake/noticia/2018/11/09/e-fake-que-estatua-de-che-guevara-foi-retirada-de-cidade-apos-eleicao-de-bolsonaro.ghtml
0,#Verificamos: Eleitor que denunciou ‘urna falsificada’ ao tentar votar em Bolsonaro errou ordem de votação,https://piaui.folha.uol.com.br/lupa/2018/10/28/verificamos-urna-falsificada-errou-ordem-votacao/
0,#Verificamos: Urnas eletrônicas não estão programadas para o horário de verão,https://piaui.folha.uol.com.br/lupa/2018/10/28/verificamos-urnas-horario-de-verao/
0,#Verificamos: É falsa foto de Trump com camiseta pró-Bolsonaro,https://piaui.folha.uol.com.br/lupa/2018/10/28/verificamos-trump-bolsonaro/
0,#Verificamos: É falso que OEA manteve reuniões ‘estranhas’ ou ‘secretas’ com PT,https://piaui.folha.uol.com.br/lupa/2018/10/28/verificamos-oea-reunioes-estranhas-secretas-pt/
0,#Verificamos: ‘Fraude’ em urna de Suzano (SP) era, na verdade, erro de eleitora,https://piaui.folha.uol.com.br/lupa/2018/10/28/verificamos-urna-suzano-sp/
0,#Verificamos: Lista que associa falta de dinheiro em hospitais à lei Rouanet tem informações distorcidas,https://piaui.folha.uol.com.br/lupa/2018/11/01/verificamos-rouanet-hospitais/
0,#Verificamos: Luana Piovani não atacou artistas nem defendeu Bolsonaro em sua rede social,https://piaui.folha.uol.com.br/lupa/2018/11/01/verificamos-luana-piovani-bolsonaro/
0,#Verificamos: É falso que Sergio Moro condenou Alberto Fraga,https://piaui.folha.uol.com.br/lupa/2018/11/01/verificamos-sergio-moro-alberto-fraga/
0,#Verificamos: É falso tuíte em que Manuela declara ‘guerra’ a Moro,https://piaui.folha.uol.com.br/lupa/2018/11/01/verificamos-manuela-moro/
0,#Verificamos: É falso que Flávio Bolsonaro tenha dito que garçom morto no RJ ‘assumiu risco,https://piaui.folha.uol.com.br/lupa/2018/11/05/verificamos-flavio-bolsonaro-garcom-morto-assumiu-risco/
0,#Verificamos: Até 5 de novembro, Trump não havia confirmado presença em posse de Bolsonaro,https://piaui.folha.uol.com.br/lupa/2018/11/05/verificamos-trump-posse-bolsonaro/
0,#Verificamos: É falso que Lewandowski tenha agendado ‘sessão secreta’ para julgar Lula em 26 de novembro,https://piaui.folha.uol.com.br/lupa/2018/11/07/verificamos-lewandowski-sessao-lula/